Week,Month_Year,Promo_Exists,Consumer_Index,Inflation_Rate,Gross_Rating_Point,Month,Year,Search_Spend,Display_Spend,Video_Spend,Social_Spend,Digital_Audio_Spend,TV_Spend,Radio_Spend,OOH_Spend,revenue,salescount,Search_Views,Social_Views,Video_Views,Display_Views,Audio_Views,Search_Clicks,Social_Clicks,Video_Clicks,Display_Clicks,Audio_Clicks,category_Books,category_Clothing,category_Electronics,category_Home,Sales_Channel_Digital Audio,Sales_Channel_Display,Sales_Channel_Offline,Sales_Channel_Search,Sales_Channel_Social,Sales_Channel_Video
2022-12-26,2023-01-01,0,110.7,8.7,80.85000000000001,1,2023,26941.20330480127,1906.0909913600224,3287.474870817669,2557.4905046509975,2250.487392032525,8430.244761094451,2108.295396921271,3058.110033924144,200950.93,963,300,624,847,961,485,789,500,369,309,224,241.0,249.0,248.0,225.0,91.0,97.0,27.0,394.0,224.0,130.0
2023-01-02,2023-01-01,0,110.7,8.7,80.85000000000001,7,14161,166808.32649328938,13229.433752161407,22804.440035090818,20119.856135325117,16210.502880463948,63703.1156743898,13351.114849193287,20336.76150582448,776809.5900000001,5079,2248,4570,5740,6761,3301,4786,3440,2046,2098,1400,1322.0,1308.0,1256.0,1193.0,456.0,471.0,402.0,1861.0,1167.0,722.0
2023-01-09,2023-01-01,0,110.7,8.7,80.85000000000001,7,14161,162841.97158261598,13422.007153907798,22771.609666057117,19236.67539204906,16539.0935190081,60977.33481552637,13473.02206771887,19698.012659179447,778085.56,5034,2201,4453,5648,6697,3350,4711,3321,2037,2032,1414,1243.0,1269.0,1246.0,1276.0,460.0,445.0,424.0,1882.0,1175.0,648.0
2023-01-16,2023-01-01,0,110.7,8.7,80.85000000000001,7,14161,171588.26671117687,13331.426079864748,22953.4371230494,20711.329614932583,17093.27043309831,62634.090600353695,13528.842804035565,20021.290835559168,807651.02,5115,2280,4559,5643,6649,3344,4737,3507,2039,2068,1329,1337.0,1276.0,1262.0,1240.0,481.0,476.0,445.0,1893.0,1133.0,687.0
2023-01-23,2023-01-01,0,110.7,8.7,80.85000000000001,7,14161,164179.561187985,13046.69308604766,22252.854414981324,19996.714562685847,16666.708847130896,61819.92993579605,13208.926000759982,21215.130111742496,772484.61,4973,2306,4392,5625,6672,3388,4682,3337,2072,1986,1359,1231.0,1257.0,1241.0,1244.0,446.0,445.0,452.0,1805.0,1172.0,653.0
2023-01-30,2023-01-01,0,110.7,8.7,80.85000000000001,2,4046,49146.60148327623,3621.0392125977014,6544.790614525091,5585.135028143424,5496.722304869483,20090.93685839032,3909.758469768177,5119.379215846264,189941.71000000002,1309,650,1318,1608,1977,928,1308,906,580,531,365,335.0,335.0,346.0,293.0,120.0,109.0,154.0,454.0,297.0,175.0
2023-01-30,2023-02-01,0,111.1,8.7,99.6,10,10115,180503.435593589,24874.983632418505,32960.15495800184,25250.14158608685,18084.984621160682,52994.4859332795,14431.156641323309,22104.67589158026,820531.71,4328,1868,3635,4507,5520,2824,3935,2812,1628,1701,1162,1083.0,1072.0,1101.0,1072.0,400.0,399.0,299.0,1641.0,1023.0,566.0
2023-02-06,2023-02-01,0,111.1,8.7,99.6,14,14161,242861.01671798676,33921.66535464236,46306.88364412769,34139.92930665757,23805.327862056678,69721.73252626223,18933.824755956877,28669.739563059717,1039315.01,5816,2570,4954,6404,7697,3815,5455,3864,2289,2255,1546,1465.0,1420.0,1493.0,1438.0,525.0,519.0,461.0,2185.0,1319.0,807.0
2023-02-13,2023-02-01,0,111.1,8.7,99.6,14,14161,229998.7674020076,33688.02563586242,42371.05676694791,33568.1681422115,25961.21578790706,73523.60259482425,18730.357997287683,28732.825750387114,1069951.05,5796,2476,5133,6424,7803,3840,5402,3920,2373,2305,1533,1437.0,1383.0,1505.0,1471.0,531.0,537.0,483.0,2125.0,1313.0,807.0
2023-02-20,2023-02-01,0,111.1,8.7,99.6,14,14161,227905.84072701246,33233.36033707023,43053.09175377331,35446.857382476126,24797.790388559602,77482.04606450137,19668.780339363555,29039.926831762445,1037513.01,6005,2631,5377,6605,7965,3938,5656,3964,2351,2457,1532,1507.0,1581.0,1489.0,1428.0,568.0,559.0,509.0,2193.0,1399.0,777.0
2023-02-27,2023-02-01,0,111.1,8.7,99.6,4,4046,72612.17813360828,8785.859998036727,12711.551832057623,9457.12859129717,7257.8320282856175,19059.556858597694,6180.692429844721,8941.495435472427,227118.78,1524,795,1494,1885,2312,1145,1589,1116,644,657,450,348.0,372.0,377.0,427.0,144.0,148.0,162.0,536.0,362.0,172.0
2023-02-27,2023-03-01,0,112.5,7.4,69.30000000000001,15,10115,142823.75530746215,21903.62543087879,23460.298548891587,17944.2452776263,12632.28510836242,50789.89194005077,11635.142779100162,12547.51604150334,978515.93,4789,1999,3963,5061,6177,3145,4476,3110,1829,1837,1284,1161.0,1207.0,1191.0,1230.0,457.0,425.0,358.0,1799.0,1102.0,648.0
2023-03-06,2023-03-01,0,112.5,7.4,69.30000000000001,21,14161,197139.9182086778,29906.07617728588,32401.371144291483,25745.29460385773,16858.204593565624,73338.33838521678,17668.958117397677,16903.58479762006,1229048.01,6243,2835,5609,6873,8230,4078,5941,4094,2553,2462,1668,1503.0,1620.0,1534.0,1586.0,530.0,576.0,492.0,2286.0,1492.0,867.0
2023-03-13,2023-03-01,0,112.5,7.4,69.30000000000001,21,14161,192633.32128869844,30626.032368380704,34656.62223133958,25232.812330121422,16664.034211667415,71437.17458448159,17065.13491425926,17094.825955839435,1240709.17,6455,2862,5662,7145,8359,4356,6048,4302,2516,2684,1699,1574.0,1709.0,1561.0,1611.0,604.0,603.0,548.0,2298.0,1472.0,930.0
2023-03-20,2023-03-01,0,112.5,7.4,69.30000000000001,21,14161,206138.295963415,29161.056510482653,35072.21727810797,26040.586532161487,16522.95634370322,76195.18913866972,17144.051958302807,16703.20714596671,1245516.16,6331,2822,5558,7147,8232,4267,5963,4216,2575,2516,1691,1605.0,1572.0,1599.0,1555.0,597.0,570.0,535.0,2345.0,1419.0,865.0
2023-03-27,2023-03-01,0,112.5,7.4,69.30000000000001,15,10115,142139.20547523804,20764.601219499036,25075.325168008756,18412.02003723329,12506.166776635166,53623.17809072176,11871.621111738354,11559.780027725328,658947.38,4037,2035,4084,4982,6039,2983,4031,2885,1833,1729,1082,1014.0,1005.0,1053.0,965.0,339.0,377.0,454.0,1417.0,885.0,565.0
2023-03-27,2023-04-01,1,113.0,7.2,123.05,8,4046,64922.24060729822,8476.10259218932,14327.823272375055,7583.518217204851,10561.85355410237,20792.617671376847,5788.38655131235,7971.004560009308,722729.99,2603,895,1800,2280,2733,1388,2173,1519,888,953,559,669.0,628.0,666.0,640.0,271.0,241.0,87.0,989.0,655.0,360.0
2023-04-03,2023-04-01,1,113.0,7.2,123.05,28,14161,224335.7653539607,31323.200799914892,45978.011828387454,26167.752919938404,35642.74530352737,76977.16648688006,21378.11415400336,32818.3631170809,1500271.66,6984,2385,4855,5900,7207,3556,5607,4067,2439,2454,1665,1750.0,1703.0,1720.0,1811.0,687.0,626.0,277.0,2678.0,1710.0,1006.0
2023-04-10,2023-04-01,1,113.0,7.2,123.05,28,14161,219014.64535865485,29813.9425846737,46564.5496849627,25268.584850715546,35499.54260942415,76406.84273714297,19712.115142584844,30355.514351750997,1550300.77,7067,2315,4790,6098,7344,3646,5728,3957,2538,2441,1661,1780.0,1786.0,1742.0,1759.0,659.0,668.0,248.0,2796.0,1645.0,1051.0
2023-04-17,2023-04-01,1,113.0,7.2,123.05,28,14161,228404.18852586742,31118.255410968915,47467.03027025774,24763.551147787854,36734.498655865085,77190.93036833414,21333.47785783783,31440.17660898906,1522826.21,6973,2402,4792,6024,7411,3664,5854,4062,2488,2424,1719,1729.0,1728.0,1753.0,1763.0,688.0,666.0,240.0,2682.0,1702.0,995.0
2023-04-24,2023-04-01,1,113.0,7.2,123.05,28,14161,220259.26488481212,31646.59862769747,48048.595954022974,24952.5733081914,34895.39187139559,78259.28764736993,19983.269383934934,31973.41844675497,1514117.6400000001,6997,2442,4790,6089,7164,3476,5608,4086,2455,2443,1663,1721.0,1809.0,1765.0,1702.0,654.0,637.0,249.0,2737.0,1678.0,1042.0
2023-05-01,2023-05-01,0,113.2,6.1,126.10000000000001,35,14161,286534.7265991466,37183.674595818375,35360.12956728722,32016.855342389365,41519.51448703431,83384.02420864395,30374.16016743934,22675.984240984435,1328726.2,6387,2972,5641,6965,8597,4290,6006,4328,2640,2583,1721,1551.0,1575.0,1658.0,1603.0,577.0,597.0,546.0,2375.0,1495.0,797.0
2023-05-08,2023-05-01,0,113.2,6.1,126.10000000000001,35,14161,269978.5087172744,38422.76037243351,36931.16580620886,30497.78400344395,41951.58891731681,84393.87311839809,29002.42622238977,25071.849074966514,1231255.11,6255,2850,5653,6796,8362,4198,5818,4335,2528,2536,1664,1592.0,1611.0,1553.0,1499.0,553.0,580.0,512.0,2401.0,1408.0,801.0
2023-05-15,2023-05-01,0,113.2,6.1,126.10000000000001,35,14161,303903.42897757184,34727.91457391692,35641.83342129956,30759.16948882777,44050.0728312427,81980.82257671119,31538.9327763857,23167.013106731196,1260772.04,6392,2826,5460,6977,8407,4151,5907,4238,2562,2614,1687,1635.0,1608.0,1612.0,1537.0,606.0,658.0,527.0,2304.0,1442.0,855.0
2023-05-22,2023-05-01,0,113.2,6.1,126.10000000000001,35,14161,279488.306629835,36307.24668350313,36588.90065920922,28363.924958252657,41082.46621113354,85770.71590406078,30318.73029133431,24061.519067554684,1208424.03,6374,2871,5786,7185,8506,4304,6021,4305,2618,2667,1690,1635.0,1574.0,1560.0,1605.0,572.0,617.0,528.0,2306.0,1444.0,907.0
2023-05-29,2023-05-01,0,113.2,6.1,126.10000000000001,15,6069,113537.45909116688,14407.27922680183,15791.749081301186,13169.297540731814,17268.282541855227,36628.46837531259,13737.60885818768,10331.984785497201,378400.01,2265,1119,2281,2839,3403,1767,2371,1616,962,1046,660,545.0,576.0,562.0,582.0,226.0,206.0,258.0,819.0,472.0,284.0
2023-05-29,2023-06-01,0,113.4,6.4,98.39999999999999,24,8092,129022.37099624179,13618.919844933196,20211.920603935985,10722.137906453427,12835.34346350943,35352.45205289987,10998.865413740823,16661.464871200547,791652.4299999999,3831,1525,3145,3923,4681,2348,3455,2469,1455,1453,954,921.0,966.0,982.0,962.0,369.0,388.0,247.0,1399.0,916.0,512.0
2023-06-05,2023-06-01,0,113.4,6.4,98.39999999999999,42,14161,199384.52495740098,24036.96948140124,37588.14417945029,20096.012937853542,19947.79459933846,59732.242717052985,19104.355366090873,26887.08491375018,1129823.1400000001,5897,2567,5261,6465,7816,3903,5496,3994,2409,2375,1547,1508.0,1420.0,1477.0,1492.0,547.0,546.0,495.0,2191.0,1334.0,784.0
2023-06-12,2023-06-01,0,113.4,6.4,98.39999999999999,42,14161,207852.0326038639,23668.62171053432,34515.44385080805,19265.76338475525,20642.51635659201,59503.4116300481,19836.453738461692,28740.485058809456,1163102.46,6134,2691,5317,6710,8143,4029,5634,4186,2461,2430,1711,1567.0,1448.0,1565.0,1554.0,568.0,559.0,512.0,2259.0,1386.0,850.0
2023-06-19,2023-06-01,0,113.4,6.4,98.39999999999999,42,14161,205533.79222662956,25408.535513333216,35246.981680968864,19792.483241838836,19599.85758658471,60133.36795458194,19996.701251493778,29471.824264766055,1173471.07,6184,2659,5358,6714,8129,4105,5861,4212,2496,2412,1618,1550.0,1568.0,1565.0,1501.0,587.0,556.0,484.0,2278.0,1456.0,823.0
2023-06-26,2023-06-01,0,113.4,6.4,98.39999999999999,30,10115,140602.8271273853,17438.228308209025,26644.488191573793,14713.25451230882,14925.095998916195,44657.76713973936,14534.651516986833,19091.358874681802,612528.99,3862,1866,3833,4746,5844,2916,3893,2761,1722,1682,1099,1014.0,947.0,957.0,944.0,325.0,322.0,457.0,1371.0,861.0,526.0
2023-06-26,2023-07-01,1,112.6,6.2,118.3,14,4046,63068.24306919524,9093.638707999704,12385.397330071177,6430.799040047786,8579.63387382239,20018.19383803087,6671.794540320696,6799.555920741094,1053967.38,3189,1069,2193,2722,3180,1673,2596,1877,1071,1076,791,797.0,804.0,799.0,789.0,309.0,329.0,104.0,1239.0,755.0,453.0
2023-07-03,2023-07-01,1,112.6,6.2,118.3,49,14161,219017.559410641,27924.79741921063,39456.42220947992,23863.350087306335,33270.27106104869,69315.0846382017,23246.384594587216,23641.253981744572,2242755.34,8688,2932,6092,7579,9121,4520,7245,5117,3127,3010,2039,2167.0,2193.0,2178.0,2150.0,866.0,792.0,292.0,3390.0,2076.0,1272.0
2023-07-10,2023-07-01,1,112.6,6.2,118.3,49,14161,206013.88176910242,28796.508708747035,40092.68202111525,23747.745464119103,32219.328658288163,71640.9008751025,24535.52588287906,24635.553160740597,2202065.4899999998,8571,2978,5944,7391,8996,4549,7137,4983,2965,3078,2052,2119.0,2126.0,2134.0,2192.0,827.0,863.0,297.0,3290.0,2019.0,1275.0
2023-07-17,2023-07-01,1,112.6,6.2,118.3,49,14161,212249.14188904501,27454.549085586204,38490.396652077274,24631.503352410175,34301.033449267255,71333.86227959495,22898.078319117772,23527.430960983664,2123885.91,8297,2780,5603,7165,8647,4353,6818,4859,2814,2905,1945,2132.0,2045.0,2088.0,2032.0,812.0,810.0,283.0,3116.0,2014.0,1262.0
2023-07-24,2023-07-01,1,112.6,6.2,118.3,49,14161,212270.12580615777,27308.520482091742,37141.669329940596,24396.377789739145,32215.928707207368,73394.33536592188,22937.118467488348,24164.550847366947,2136774.09,8318,2858,5680,7245,8748,4256,6859,4871,2888,2876,1966,2087.0,2113.0,2106.0,2012.0,841.0,822.0,273.0,3178.0,2022.0,1182.0
2023-07-31,2023-07-01,1,112.6,6.2,118.3,7,2023,34149.026654839356,4005.434240326819,4823.540710067193,3377.257210777489,4797.510302816355,11013.6560966441,3849.9440899498454,3854.046261422725,202090.76,954,364,636,779,931,484,783,521,328,330,237,236.0,257.0,227.0,234.0,78.0,81.0,28.0,386.0,242.0,139.0
2023-07-31,2023-08-01,0,113.2,6.1,146.9,48,12138,259751.09538371395,34296.16384852104,45120.81587185358,29559.094704165127,26997.432495020195,89788.8228544996,24564.906486982287,25412.964522591734,1148011.97,5730,2441,5054,6362,7377,3692,5344,3813,2302,2256,1526,1413.0,1451.0,1412.0,1454.0,515.0,519.0,480.0,2121.0,1311.0,784.0
2023-08-07,2023-08-01,0,113.2,6.1,146.9,56,14161,325900.9582595718,40682.824945091204,57058.3165040211,35810.5361522328,31225.290861823258,108504.24528672158,30243.365546263034,29627.873959650955,1260279.8599999999,6391,2775,5622,6956,8441,4131,5945,4276,2582,2561,1699,1657.0,1586.0,1588.0,1560.0,592.0,581.0,570.0,2299.0,1411.0,938.0
2023-08-14,2023-08-01,0,113.2,6.1,146.9,56,14161,305932.8995349591,40041.262932030724,55414.154764894454,35621.10400234832,30172.658209275432,111233.76832463747,30864.32258585935,31476.32018301608,1323785.57,6502,2900,5638,7091,8563,4417,6133,4352,2642,2442,1785,1579.0,1614.0,1660.0,1649.0,600.0,606.0,533.0,2360.0,1486.0,917.0
2023-08-21,2023-08-01,0,113.2,6.1,146.9,56,14161,321183.8352672765,43058.50759284896,54113.0333737796,33839.65329785023,29810.74212430503,105804.90703990177,29454.39305929318,30372.724080080072,1278794.72,6507,2773,5819,7000,8563,4267,6110,4362,2651,2620,1723,1672.0,1608.0,1612.0,1615.0,641.0,608.0,497.0,2453.0,1458.0,850.0
2023-08-28,2023-08-01,0,113.2,6.1,146.9,32,8092,173152.72997542852,25769.105279196938,31842.738091486674,18945.53072787205,16663.14698409987,55565.703578017405,16579.38381916817,18046.881439215424,523190.83,3193,1590,3229,3969,4770,2424,3257,2313,1353,1347,866,810.0,751.0,782.0,850.0,291.0,306.0,343.0,1075.0,744.0,434.0
2023-08-28,2023-09-01,1,114.1,4.5,96.0,27,6069,102150.7811750735,14523.869236058787,13999.841827952843,9035.199232834646,8421.608704839025,31078.748178808386,11640.055656925306,12865.950051197624,1036061.26,3809,1319,2590,3266,3885,1987,3165,2195,1378,1373,856,963.0,1012.0,902.0,932.0,377.0,367.0,122.0,1440.0,949.0,554.0
2023-09-04,2023-09-01,1,114.1,4.5,96.0,63,14161,237169.87608174246,36293.617151717925,30584.55891037418,20549.60253471582,21715.35873145033,76972.17009288495,27166.50721642443,31674.458742098763,1853258.6,7720,2645,5199,6552,8136,4104,6357,4418,2686,2829,1862,1924.0,1989.0,1943.0,1864.0,748.0,753.0,273.0,3021.0,1847.0,1078.0
2023-09-11,2023-09-01,1,114.1,4.5,96.0,63,14161,241271.60455283496,35358.0740940728,31027.41267562244,21569.118346137,19311.158540814904,77239.07405057238,25504.80744380405,31630.56113656308,1806794.82,7647,2544,5254,6520,7723,3948,6231,4557,2741,2644,1787,1977.0,1897.0,1923.0,1850.0,748.0,742.0,252.0,2932.0,1822.0,1151.0
2023-09-18,2023-09-01,1,114.1,4.5,96.0,63,14161,243755.88245217697,35380.01487207939,31232.81727232921,21414.807251857153,20361.922268621624,79552.5507326704,25781.324730940614,31286.386897387034,1791161.3,7543,2553,5181,6527,7816,3814,5979,4499,2697,2587,1755,1918.0,1881.0,1914.0,1830.0,721.0,730.0,244.0,2906.0,1819.0,1123.0
2023-09-25,2023-09-01,1,114.1,4.5,96.0,54,12138,208404.73986035254,30913.21691717022,27104.767656486914,17646.40565500606,17193.369553034587,66881.30950242159,23076.414977034307,26461.63231235006,1301556.72,6051,1991,4091,5146,6260,3099,4852,3594,2094,2150,1404,1513.0,1485.0,1518.0,1535.0,570.0,590.0,194.0,2357.0,1421.0,919.0
2023-09-25,2023-10-01,1,114.6,3.8,203.4,10,2023,26896.34628459176,3442.3296939267693,5589.398646938419,2739.8093677632173,3399.6030555531975,7988.639474433351,3389.607204789171,4589.079039905586,554349.34,1712,579,1190,1451,1876,924,1428,1037,615,601,430,417.0,442.0,435.0,418.0,180.0,170.0,53.0,642.0,425.0,242.0
2023-10-02,2023-10-01,1,114.6,3.8,203.4,70,14161,218518.53205549475,22977.29873157535,41329.75054623453,19421.66668914062,23490.286253633945,62008.25472948309,25126.290604262234,28466.55124775802,2184390.74,8455,2995,5884,7328,8681,4450,6919,4972,2953,2964,2044,2143.0,2093.0,2125.0,2094.0,817.0,818.0,256.0,3256.0,2075.0,1233.0
2023-10-09,2023-10-01,1,114.6,3.8,203.4,70,14161,208787.79146799276,24405.03728083346,43519.40398669389,18722.064554740813,24646.39442441048,59647.16661451753,24278.858360615348,29342.554101053494,2042034.44,8114,2903,5641,7229,8401,4249,6726,4766,2864,2891,1949,2008.0,2115.0,1990.0,2001.0,750.0,806.0,300.0,3185.0,1927.0,1146.0
2023-10-16,2023-10-01,1,114.6,3.8,203.4,70,14161,212570.00165376152,24892.550173579835,41022.320384822684,20157.69998707049,23628.315168786576,63204.34240202616,24548.788837815468,27358.160786225813,2125349.31,8248,2822,5820,7130,8645,4332,6909,4823,2987,3007,1870,2032.0,2040.0,2049.0,2127.0,781.0,797.0,320.0,3226.0,1944.0,1180.0
2023-10-23,2023-10-01,1,114.6,3.8,203.4,70,14161,222724.58503154267,23707.483028071747,43112.4956144604,18467.404977200255,24214.929004342066,62177.71537832372,23647.93115731203,27796.190890223355,2173232.27,8584,2977,6050,7544,8662,4400,6945,4992,3043,3017,2042,2070.0,2249.0,2158.0,2107.0,843.0,832.0,325.0,3294.0,2037.0,1253.0
2023-10-30,2023-10-01,1,114.6,3.8,203.4,20,4046,61681.02555819671,6988.873236873063,12772.270464083998,5237.167537507397,6506.188428437227,15381.893697679136,6951.595377240633,7857.845563436422,409510.82,1960,633,1334,1749,2082,1071,1634,1136,694,706,465,481.0,484.0,492.0,503.0,196.0,181.0,65.0,774.0,457.0,287.0
2023-10-30,2023-11-01,1,114.5,3.2,186.9,55,10115,198973.34690350245,17596.900749557004,34697.02729496743,22853.911996435723,32718.3982796589,70403.63384929986,17962.946237267097,30517.54943954344,3140454.88,8423,2957,5809,7399,8777,4384,6939,4928,3026,2913,1989,2113.0,2122.0,2095.0,2093.0,813.0,763.0,285.0,3225.0,2063.0,1274.0
2023-11-06,2023-11-01,1,114.5,3.2,186.9,77,14161,272669.0749526547,24639.136229901767,47570.83196132677,32560.272917256792,45614.6765458389,103543.86445221322,24645.13548386365,40923.95445127331,4071520.8,11550,3904,8061,9988,12068,5910,9518,6799,4019,4087,2693,2864.0,2918.0,2836.0,2932.0,1111.0,1081.0,399.0,4521.0,2778.0,1660.0
2023-11-13,2023-11-01,1,114.5,3.2,186.9,77,14161,291173.06612707983,26631.550276439975,53313.024540215236,32225.079929234347,44689.058793561955,117921.14243522716,26141.316388905398,44670.875213101164,4166422.15,11698,3999,8070,9871,12169,6023,9572,6728,4093,4142,2712,2957.0,2962.0,2854.0,2925.0,1178.0,1126.0,423.0,4462.0,2817.0,1692.0
2023-11-20,2023-11-01,1,114.5,3.2,186.9,77,14161,285381.17301626387,26508.59477696194,51113.74230609926,33586.57266724665,43798.40550022265,105329.89106680476,24259.096312176185,45460.327343799654,4191864.39,11632,3941,8061,9961,12078,6008,9454,6909,4125,4081,2696,2867.0,2915.0,2936.0,2914.0,1080.0,1117.0,414.0,4547.0,2817.0,1657.0
2023-11-27,2023-11-01,1,114.5,3.2,186.9,44,8092,163827.36601562158,14085.502736604323,30578.013795285286,17977.21687779391,26332.003959033806,57401.23351035241,14857.618996867295,24661.902414195527,1717950.37,5727,2047,4043,5005,6045,2968,4652,3390,2066,2037,1266,1399.0,1430.0,1452.0,1446.0,565.0,530.0,198.0,2223.0,1399.0,812.0
2023-11-27,2023-12-01,1,114.5,3.7,120.60000000000001,36,6069,107681.5348737007,15826.26346468948,15159.132209475554,16042.194684460617,14488.85785487201,37490.63727749129,8885.412554158922,12440.03278400614,1666775.03,4795,1597,3245,4057,4980,2512,3886,2813,1678,1655,1129,1206.0,1148.0,1228.0,1213.0,469.0,443.0,171.0,1848.0,1187.0,677.0
2023-12-04,2023-12-01,1,114.5,3.7,120.60000000000001,84,14161,268744.1621006453,37681.37255859259,36993.7374507935,38557.15066962547,32370.43370955075,78608.78345466651,21517.019237187906,30547.442920975445,2847101.9699999997,9617,3224,6778,8457,9989,5109,7904,5765,3290,3427,2349,2377.0,2424.0,2441.0,2375.0,929.0,951.0,338.0,3653.0,2346.0,1400.0
2023-12-11,2023-12-01,1,114.5,3.7,120.60000000000001,84,14161,274676.3998607514,35812.85592050626,35323.7064714823,36876.97564855285,30499.148271513717,80520.7580082999,22069.00246110724,31245.002414387414,2865946.84,9795,3364,6705,8507,10028,5115,7964,5619,3527,3494,2319,2475.0,2481.0,2433.0,2406.0,925.0,881.0,346.0,3897.0,2359.0,1387.0
2023-12-18,2023-12-01,1,114.5,3.7,120.60000000000001,84,14161,265023.9728198601,34769.49554691469,38955.842250749476,37934.979104328144,31599.38406853503,81331.56318599136,21685.016981336717,30534.024189379157,2903053.84,9639,3240,6735,8268,10080,5061,7882,5755,3368,3325,2307,2377.0,2309.0,2481.0,2472.0,902.0,955.0,332.0,3737.0,2335.0,1378.0
2023-12-25,2023-12-01,1,114.5,3.7,120.60000000000001,84,14161,267444.96906314517,36071.20301052653,38114.30161648909,39871.36101077109,31936.922294362157,83399.56686540149,21709.4730572098,30737.3455750522,2894384.31,9793,3360,6892,8578,10431,5098,8099,5719,3441,3435,2360,2425.0,2432.0,2465.0,2471.0,969.0,925.0,358.0,3719.0,2430.0,1392.0
2024-01-01,2024-01-01,0,113.3,2.9,143.10000000000002,7,14168,298898.61787107884,33728.31010470499,43370.430406245076,23790.84058337754,23278.79981073985,71138.66723804193,22339.60568807013,40876.300666895746,805483.85,5096,2265,4646,5756,6816,3614,4902,3446,2058,2107,1421,1262.0,1279.0,1329.0,1226.0,474.0,454.0,451.0,1873.0,1163.0,681.0
2024-01-08,2024-01-01,0,113.3,2.9,143.10000000000002,7,14168,269836.50677535974,34595.14159330028,45177.21347222958,21265.97547688304,22689.561792323064,73760.07724183866,23222.50359435324,41274.1521651292,833711.35,5221,2306,4790,5782,6878,3530,4850,3436,2129,2222,1444,1278.0,1320.0,1324.0,1299.0,449.0,478.0,478.0,1966.0,1160.0,690.0
2024-01-15,2024-01-01,0,113.3,2.9,143.10000000000002,7,14168,279892.1064574097,35655.38877295461,45342.35058287024,22921.64529521834,21706.627901197135,70672.25628891894,22927.13222553379,40564.863338534444,809479.82,5050,2154,4472,5456,6604,3215,4662,3343,2013,2017,1368,1262.0,1269.0,1273.0,1246.0,474.0,474.0,399.0,1807.0,1199.0,697.0
2024-01-22,2024-01-01,0,113.3,2.9,143.10000000000002,7,14168,268863.8602052053,32719.353276389505,46460.18569280272,22570.66766814174,21511.866968647828,72073.5868861906,23666.38094942618,39396.38009972129,826934.66,5205,2276,4585,5645,6824,3454,4847,3531,2134,2048,1397,1282.0,1305.0,1295.0,1323.0,464.0,464.0,421.0,1929.0,1216.0,711.0
2024-01-29,2024-01-01,0,113.3,2.9,143.10000000000002,3,6072,131809.63798238902,15304.784396444245,18134.7825993639,9260.629933339345,8632.085779405774,32610.582928874257,10634.57077196221,16907.27773047158,251887.68,1920,894,1867,2512,2864,1371,1939,1403,796,829,532,475.0,476.0,492.0,477.0,155.0,182.0,201.0,716.0,439.0,227.0
2024-01-29,2024-02-01,0,114.0,2.5,147.5,8,8096,114077.6716971837,10888.628849121644,12857.05864800219,11572.035805398627,15734.788236678312,35025.961065652824,9148.795573436662,8256.983763804754,668648.62,3523,1515,2890,3591,4322,2183,3253,2291,1363,1343,913,898.0,898.0,874.0,853.0,340.0,321.0,240.0,1301.0,830.0,491.0
2024-02-05,2024-02-01,0,114.0,2.5,147.5,14,14168,199399.1815357906,18997.349702561813,23566.715292863824,18582.175103113725,25499.434473439327,61341.752009426025,15568.232614005476,14917.123590853445,991221.86,5640,2336,4980,6247,7577,3704,5287,3761,2246,2281,1511,1434.0,1406.0,1415.0,1385.0,541.0,514.0,474.0,2021.0,1321.0,769.0
2024-02-12,2024-02-01,0,114.0,2.5,147.5,14,14168,199674.43745498272,18858.473739811045,23934.29812398966,18258.559475129478,27731.990222839555,62972.15647272251,14841.742471648902,15438.046951681281,1001013.51,5806,2616,5179,6379,7565,3971,5447,3837,2300,2436,1551,1518.0,1416.0,1415.0,1457.0,548.0,518.0,481.0,2107.0,1323.0,829.0
2024-02-19,2024-02-01,0,114.0,2.5,147.5,14,14168,199054.35197890096,18290.53290329148,23117.85382507599,19241.02794587702,26074.87067118062,64868.28134032089,15081.438383246983,15278.192210296029,1041973.46,5804,2535,5089,6466,7775,3981,5501,3889,2338,2350,1599,1466.0,1432.0,1445.0,1461.0,495.0,508.0,464.0,2170.0,1334.0,833.0
2024-02-26,2024-02-01,0,114.0,2.5,147.5,8,8096,108569.01434307295,10223.150153328288,13066.199612839757,10734.226778463633,15060.938468612261,37185.53900993972,8369.612469871225,8056.40320216324,406370.22,2776,1434,2841,3505,4148,2161,2791,2047,1168,1221,834,725.0,691.0,682.0,678.0,247.0,235.0,340.0,999.0,587.0,368.0
2024-02-26,2024-03-01,0,114.5,2.2,136.79999999999998,9,6072,72005.99542393847,7633.17137748892,11687.477035696545,5354.5459792035135,7353.428848000283,21348.759766015406,6470.418364202643,7277.117414552649,732603.16,3270,1268,2529,3071,3766,1871,2815,2053,1169,1157,874,848.0,814.0,817.0,791.0,316.0,310.0,170.0,1224.0,775.0,475.0
2024-03-04,2024-03-01,0,114.5,2.2,136.79999999999998,21,14168,160210.92043287857,18489.947375335934,25027.510790948196,12895.42158040959,15891.021281147587,50504.4931402169,15942.845782371729,16472.060858573772,1261579.6400000001,6361,2818,5602,6827,8234,4290,6004,4277,2581,2500,1682,1552.0,1594.0,1581.0,1634.0,647.0,569.0,531.0,2302.0,1427.0,885.0
2024-03-11,2024-03-01,0,114.5,2.2,136.79999999999998,21,14168,163241.57892496808,18913.277902227943,25642.391000523472,12596.21442801816,15904.163076740888,54109.0368109036,16252.121889675056,16481.518817945915,1188984.47,6151,2786,5456,6878,8176,4074,5812,4104,2511,2470,1685,1553.0,1506.0,1560.0,1532.0,565.0,548.0,509.0,2329.0,1397.0,803.0
2024-03-18,2024-03-01,0,114.5,2.2,136.79999999999998,21,14168,149703.05724690447,20370.224166724955,24330.626574694317,13082.942463583639,16223.092374128313,53716.29423236433,15789.1748402347,15884.55974063644,1308968.9,6620,2882,5876,7345,8879,4551,6249,4428,2746,2685,1778,1606.0,1628.0,1658.0,1728.0,608.0,573.0,588.0,2400.0,1569.0,882.0
2024-03-25,2024-03-01,0,114.5,2.2,136.79999999999998,21,14168,162152.73615741517,19212.5130081663,24904.62257438096,12832.71077625938,16419.3944090219,48081.40353066235,17162.78136140936,16774.08689028968,1319859.72,6648,2923,5975,7433,8715,4311,6162,4366,2748,2695,1732,1635.0,1702.0,1650.0,1661.0,620.0,578.0,564.0,2481.0,1506.0,899.0
2024-04-01,2024-04-01,1,114.6,2.2,82.5,28,14168,229917.04444244993,26987.125864741563,37512.767193459236,17369.545127969002,28180.503045729612,75132.32721153046,22620.951156953557,21056.540466573693,1474746.14,6950,2361,4855,6138,7188,3571,5689,4127,2438,2414,1636,1772.0,1710.0,1745.0,1723.0,692.0,674.0,240.0,2642.0,1706.0,996.0
2024-04-08,2024-04-01,1,114.6,2.2,82.5,28,14168,223985.287060405,27428.638365193372,35059.88859478033,18540.979121167376,27540.608845853487,71178.16361591559,21982.922256426238,23213.525781362972,1536691.1800000002,7061,2465,4781,5979,7306,3729,5681,4220,2495,2458,1670,1715.0,1822.0,1758.0,1766.0,679.0,671.0,256.0,2714.0,1695.0,1046.0
2024-04-15,2024-04-01,1,114.6,2.2,82.5,28,14168,217977.86213918723,28846.21452972373,36886.369119942094,19024.150051496385,26606.280794036513,80006.84200062414,22221.951840159174,22877.863658947354,1484546.99,6719,2390,4694,5853,7099,3601,5589,4048,2318,2357,1588,1687.0,1686.0,1668.0,1678.0,643.0,640.0,232.0,2580.0,1655.0,969.0
2024-04-22,2024-04-01,1,114.6,2.2,82.5,28,14168,218323.42505489185,27290.203453206406,36774.02855581057,18376.97456693193,27620.597520730884,77780.11160849498,23070.97418885455,23348.063332680547,1583215.77,7230,2461,4932,6242,7489,3724,6067,4267,2464,2565,1739,1761.0,1840.0,1797.0,1832.0,666.0,733.0,255.0,2787.0,1717.0,1072.0
2024-04-29,2024-04-01,1,114.6,2.2,82.5,8,4048,56737.10134328199,7952.6268356148885,10469.633526404039,5102.465194228549,7223.470407665283,21934.41099467394,6256.53633362166,6311.426132553224,354224.83999999997,1781,602,1229,1516,1843,919,1474,1041,633,608,426,433.0,444.0,470.0,434.0,183.0,177.0,60.0,657.0,420.0,284.0
2024-04-29,2024-05-01,0,114.3,2.4,107.63999999999999,25,10120,193645.19903555085,29086.835832709232,24334.29291541283,29860.303441828906,20905.984491937365,49688.796967301285,16690.400907853535,26089.41838883439,1034857.42,4841,2026,4137,5435,6248,3162,4489,3280,1911,1972,1219,1207.0,1213.0,1244.0,1177.0,451.0,415.0,384.0,1763.0,1148.0,680.0
2024-05-06,2024-05-01,0,114.3,2.4,107.63999999999999,35,14168,280546.08695774444,40676.5164758218,36370.836149003255,40191.93496831726,28320.22061579778,71543.41589963267,24338.432978184926,35002.96838889744,1251751.03,6341,2782,5592,6951,8468,4169,5965,4267,2603,2569,1710,1533.0,1590.0,1614.0,1604.0,585.0,541.0,552.0,2347.0,1472.0,844.0
2024-05-13,2024-05-01,0,114.3,2.4,107.63999999999999,35,14168,289936.6544375357,42721.15954983734,36955.556268994456,40490.40731230195,30591.066993537737,71836.40089645048,25089.304147954455,36201.37224905657,1224506.06,6192,2728,5544,6934,8371,4176,5868,4150,2400,2519,1654,1573.0,1518.0,1529.0,1572.0,554.0,540.0,581.0,2228.0,1405.0,884.0
2024-05-20,2024-05-01,0,114.3,2.4,107.63999999999999,35,14168,284596.034274971,41742.82932649628,34540.33045587137,41880.16957185119,30613.74321689364,70054.25410213751,23566.014649837405,35560.72777288982,1218062.17,6287,2868,5514,7055,8429,4172,5940,4245,2525,2557,1698,1581.0,1555.0,1565.0,1586.0,541.0,576.0,534.0,2348.0,1463.0,825.0
2024-05-27,2024-05-01,0,114.3,2.4,107.63999999999999,25,10120,203463.11253478128,30003.07692456478,23745.065242816283,29138.448170494838,20738.661973692695,48877.081427150566,16696.587692236986,26238.394033914192,707276.11,4092,2012,4036,5058,6232,2975,4123,2948,1768,1683,1194,998.0,955.0,1054.0,1085.0,357.0,355.0,485.0,1455.0,884.0,556.0
2024-05-27,2024-06-01,0,114.1,2.2,97.2,12,4048,72443.83323921944,8258.08355132123,15944.973624255566,9316.475294664422,8439.431040913478,28404.315137664787,8464.688642238565,10639.75892686891,535100.5,2204,742,1604,1865,2343,1128,1890,1257,766,757,533,568.0,529.0,550.0,557.0,203.0,212.0,89.0,827.0,576.0,297.0
2024-06-03,2024-06-01,0,114.1,2.2,97.2,42,14168,254523.1872413145,29784.503433875834,50605.13190584977,30461.89409871806,29132.02282637218,102925.31388107655,29755.820652803555,35642.03007704248,1179614.3,6136,2697,5307,6827,7977,4088,5654,4100,2476,2518,1618,1559.0,1504.0,1545.0,1528.0,578.0,536.0,486.0,2263.0,1407.0,866.0
2024-06-10,2024-06-01,0,114.1,2.2,97.2,42,14168,262190.9726652185,28002.97304840785,50039.20410654439,34755.56623656231,29268.491601556343,95474.93674810679,28390.511616448362,34822.5269568541,1093391.8,5992,2761,5330,6641,7867,3922,5558,4067,2428,2397,1584,1534.0,1498.0,1438.0,1522.0,561.0,504.0,534.0,2151.0,1420.0,822.0
2024-06-17,2024-06-01,0,114.1,2.2,97.2,42,14168,272145.3267096784,27087.882333915026,49641.14087401057,33773.00304223818,27323.442610150545,101116.35376551318,28510.56689424951,34403.31630662235,1121157.87,6037,2762,5403,6791,7839,3995,5683,4083,2465,2407,1597,1511.0,1509.0,1523.0,1494.0,544.0,586.0,515.0,2173.0,1359.0,860.0
2024-06-24,2024-06-01,0,114.1,2.2,97.2,42,14168,261243.33097214362,27856.309225715446,48809.67405203262,32897.5725354241,28470.92115590348,96190.34641368513,29031.348046867184,34209.461305172044,1098534.65,5846,2558,5324,6318,7834,3907,5500,3873,2369,2440,1529,1459.0,1437.0,1439.0,1511.0,539.0,555.0,462.0,2151.0,1340.0,799.0
2024-07-01,2024-07-01,1,113.3,2.3,158.2,49,14168,198386.08174380256,17881.970673869928,30593.72605637376,22483.156428640355,25649.53484229309,46198.93409853106,14609.831714054993,26903.88659066136,2088657.24,8060,2762,5685,6916,8366,4276,6519,4841,2922,2805,1883,1991.0,2028.0,2016.0,2025.0,787.0,791.0,281.0,3106.0,1895.0,1200.0
2024-07-08,2024-07-01,1,113.3,2.3,158.2,49,14168,180183.5220176239,18092.574634060424,27779.406716556972,22609.0704579209,24963.563242654564,45220.98412994258,15483.491980484736,25380.866986996043,2116737.95,8220,2947,5702,7159,8448,4364,6886,4814,2818,2957,1912,2066.0,2092.0,2088.0,1974.0,771.0,813.0,324.0,3216.0,1922.0,1174.0
2024-07-15,2024-07-01,1,113.3,2.3,158.2,49,14168,189702.6538363088,17886.239332268742,28937.601879018184,21176.57327975762,26839.344360764127,46661.964815158426,14643.290915404543,25737.623041017956,2160304.17,8392,3004,5857,7304,8683,4351,6879,5023,2928,2981,1937,2133.0,2104.0,2091.0,2064.0,826.0,791.0,287.0,3205.0,2103.0,1180.0
2024-07-22,2024-07-01,1,113.3,2.3,158.2,49,14168,187854.66014668054,18638.563246304326,30174.254049825824,21601.997578479626,25974.032483160197,46435.436564546704,14812.43454680515,26336.15650438231,2189109.34,8381,2744,5868,7166,8688,4280,6802,4889,2848,2927,1902,2080.0,2050.0,2158.0,2093.0,831.0,769.0,302.0,3235.0,2051.0,1193.0
2024-07-29,2024-07-01,1,113.3,2.3,158.2,21,6072,78108.47816885464,7700.48527579345,12317.921201680587,9234.596825976345,10939.310887323018,20551.309576338113,6483.135012511749,11095.91993780765,644300.77,3105,1103,2075,2694,3178,1631,2565,1800,1065,1113,721,799.0,791.0,756.0,759.0,293.0,284.0,101.0,1227.0,728.0,472.0
2024-07-29,2024-08-01,0,113.2,1.9,101.4,32,8096,158811.40937991434,19044.53370679543,18635.380702304126,13084.510436621702,22021.21952918605,48858.11462011807,16279.811701525035,17319.98959462376,894470.96,4058,1595,3218,4045,4874,2466,3601,2559,1524,1517,1009,1021.0,978.0,1058.0,1001.0,368.0,374.0,259.0,1487.0,962.0,608.0
2024-08-05,2024-08-01,0,113.2,1.9,101.4,56,14168,306195.89049575425,33240.52916014731,31817.65498584779,21870.581469668243,37542.99410260941,85265.33112840382,26934.48823468172,32080.056005831782,1247698.74,6302,2843,5524,7009,8183,4250,6047,4207,2515,2534,1713,1629.0,1580.0,1597.0,1496.0,566.0,567.0,539.0,2305.0,1481.0,844.0
2024-08-12,2024-08-01,0,113.2,1.9,101.4,56,14168,290821.73161304113,32386.75624885978,33229.2774743192,20733.485674794727,39488.76655650463,85501.28218179448,28188.451309391567,32261.766253346606,1329209.08,6605,2753,5789,7188,8631,4326,5996,4363,2712,2706,1764,1655.0,1603.0,1688.0,1659.0,642.0,620.0,548.0,2373.0,1501.0,921.0
2024-08-19,2024-08-01,0,113.2,1.9,101.4,56,14168,300478.9111658191,32778.72706320602,35357.514288678525,22468.908153303575,38320.230007879814,87402.8240601871,27306.06554481023,32339.529926934985,1245913.06,6278,2730,5536,6841,8170,4134,5730,4172,2642,2498,1703,1573.0,1574.0,1563.0,1568.0,546.0,584.0,474.0,2330.0,1469.0,875.0
2024-08-26,2024-08-01,0,113.2,1.9,101.4,48,12144,259488.16705399513,28367.286490805527,26682.253152853773,20018.7260558202,32929.28515913217,69612.07235051511,23784.835690559954,28898.52850288999,1003842.31,5357,2409,4885,6099,7441,3618,5043,3597,2238,2216,1422,1362.0,1329.0,1310.0,1356.0,497.0,458.0,488.0,1913.0,1230.0,771.0
2024-08-26,2024-09-01,1,114.2,1.6,195.5,9,2024,34107.77331136071,2622.556118696942,5703.238014681755,4283.771285046262,3108.9026922955654,11624.623007024933,3058.4679349276216,3567.225105465924,460533.21,1469,499,1020,1208,1578,770,1267,872,526,493,348,346.0,350.0,377.0,396.0,145.0,164.0,42.0,530.0,354.0,234.0
2024-09-02,2024-09-01,1,114.2,1.6,195.5,63,14168,216896.46660398325,19451.20855657945,39840.0544817791,32867.88759308727,18451.37252750532,71865.55952831998,23235.478377869542,28353.864557068904,1842273.19,7768,2667,5266,6751,8036,3940,6269,4626,2705,2704,1804,1912.0,1904.0,1993.0,1959.0,773.0,737.0,257.0,3058.0,1817.0,1126.0
2024-09-09,2024-09-01,1,114.2,1.6,195.5,63,14168,209815.73416193682,18736.520294126833,38688.37335067691,33750.77251027073,18942.124608644233,70565.6047315732,22561.62860587833,30326.475720121016,1891161.07,7959,2733,5510,6863,8202,4087,6566,4643,2764,2812,1873,1970.0,2009.0,2047.0,1933.0,807.0,784.0,264.0,3132.0,1850.0,1122.0
2024-09-16,2024-09-01,1,114.2,1.6,195.5,63,14168,215144.51656663374,19972.78477537215,40695.96896427988,35192.77436091828,18630.037717258907,74577.05914059971,22632.086237392617,29117.807871562996,1733159.03,7427,2573,5187,6496,7728,3974,6072,4415,2692,2765,1737,1913.0,1819.0,1855.0,1840.0,727.0,728.0,297.0,2765.0,1823.0,1087.0
2024-09-23,2024-09-01,1,114.2,1.6,195.5,63,14168,219631.0064548448,18866.203667756552,36326.66548063592,34117.64226614596,18624.96467895487,71285.00612966869,23343.74197953196,28873.490218782776,1786142.3599999999,7539,2618,5280,6531,7880,3941,6245,4332,2676,2655,1829,1859.0,1871.0,1918.0,1891.0,754.0,739.0,275.0,2903.0,1791.0,1077.0
2024-09-30,2024-09-01,1,114.2,1.6,195.5,9,2024,35174.20955566145,2485.6553039681935,5341.781839127831,4373.446572520025,2830.626226893085,8959.216313945879,3788.233038201624,4305.516226673261,181916.73,873,294,597,741,886,443,674,527,282,316,224,195.0,228.0,220.0,230.0,84.0,101.0,43.0,311.0,193.0,141.0
2024-09-30,2024-10-01,1,114.8,2.0,120.0,60,12144,293505.17915242194,27650.33033680338,31022.40932719026,28374.437554390108,20898.779767613516,104797.27229217626,29774.234251984413,30767.045454464565,1967938.98,7219,2442,4986,6279,7631,3778,5905,4250,2521,2576,1693,1791.0,1786.0,1851.0,1791.0,708.0,691.0,252.0,2820.0,1725.0,1023.0
2024-10-07,2024-10-01,1,114.8,2.0,120.0,70,14168,327810.5090096548,30591.652566564466,38755.48616865018,32740.590148735522,24517.743522195946,119064.18038279202,30814.978681745015,39589.82739735154,2104037.06,8344,2810,5794,7084,8636,4341,6731,4766,2883,3069,1992,2132.0,2074.0,2058.0,2080.0,810.0,839.0,258.0,3277.0,1984.0,1176.0
2024-10-14,2024-10-01,1,114.8,2.0,120.0,70,14168,313967.950889966,32795.94827318365,38725.064991050516,31183.050030162238,24023.55618479713,126010.09775761717,32596.43389401082,38042.87632849315,2077254.0,8175,2907,5652,7076,8351,4322,6734,4865,2882,2907,1871,2042.0,2042.0,2033.0,2058.0,816.0,791.0,282.0,3153.0,1904.0,1229.0
2024-10-21,2024-10-01,1,114.8,2.0,120.0,70,14168,332310.6314019396,33561.223494335274,39580.94009435348,31644.124282157387,24971.87203743043,123557.14586808038,33371.07090761218,38338.372986140406,2113129.2800000003,8408,2885,5843,7263,8762,4348,6880,4855,3003,2914,2047,2083.0,2166.0,2043.0,2116.0,876.0,790.0,282.0,3226.0,2007.0,1227.0
2024-10-28,2024-10-01,1,114.8,2.0,120.0,40,8096,189890.83465026683,17634.36735358471,22468.626358598012,18584.97978638981,14617.860663984244,72633.68811913082,17748.54509836383,21407.872955525432,895151.86,4075,1347,2877,3473,4279,2123,3298,2401,1417,1433,952,1047.0,1043.0,1010.0,975.0,362.0,414.0,140.0,1614.0,995.0,550.0
2024-10-28,2024-11-01,1,115.1,2.6,149.5,33,6072,212642.3416893432,21555.046261890973,32293.23019566918,16649.94076549996,26696.284144352026,53487.99736705814,23424.824687030545,17765.875088532972,2434490.31,5822,2004,4127,4994,6084,3039,4792,3365,2069,2082,1425,1427.0,1501.0,1452.0,1442.0,551.0,569.0,202.0,2244.0,1433.0,823.0
2024-11-04,2024-11-01,1,115.1,2.6,149.5,77,14168,505616.3874070481,52263.346107866426,71978.49223406715,41705.405281927524,59725.848614625254,136108.68981102065,52946.631480159514,40877.10270816187,4168585.43,11570,4013,7944,9998,11849,5802,9303,6722,4083,3900,2807,2844.0,2897.0,2890.0,2939.0,1182.0,1128.0,385.0,4402.0,2768.0,1705.0
2024-11-11,2024-11-01,1,115.1,2.6,149.5,77,14168,487441.6843014848,53131.952425472635,69916.77164258281,41115.08125469505,65742.72270955445,133704.09062191736,51679.23232824923,40300.82248851729,4016466.56,11372,3899,7848,9635,11921,5789,9258,6519,4034,4033,2785,2810.0,2826.0,2856.0,2880.0,1156.0,1085.0,388.0,4310.0,2738.0,1695.0
2024-11-18,2024-11-01,1,115.1,2.6,149.5,77,14168,512313.3906577528,52860.55761197608,73172.89588157792,40862.1996501091,60184.734410789424,138071.18047802805,54379.15721632111,38574.15802913155,4106427.88,11567,4008,7979,10163,11946,6058,9519,6890,4106,4028,2665,2879.0,2936.0,2906.0,2846.0,1104.0,1142.0,398.0,4455.0,2845.0,1623.0
2024-11-25,2024-11-01,1,115.1,2.6,149.5,66,12144,424911.2629201283,42297.927200688115,58661.94834479679,35017.93094736427,52762.3098461702,112374.95349341776,44877.63371037918,34792.73900288144,3086778.42,9529,3397,6667,8257,10004,4938,7876,5576,3429,3332,2295,2476.0,2344.0,2292.0,2417.0,931.0,922.0,338.0,3609.0,2299.0,1430.0
2024-11-25,2024-12-01,1,115.1,2.6,200.6,12,2024,33042.31234503807,2233.156663803091,4607.0533959414815,3242.4577662431834,2612.341129989226,10032.476653340378,2173.163526668517,3780.253704264575,685443.19,1906,694,1317,1647,2016,1049,1680,1146,673,623,446,454.0,506.0,450.0,496.0,185.0,181.0,64.0,736.0,470.0,270.0
2024-12-02,2024-12-01,1,115.1,2.6,200.6,84,14168,221837.25540079898,15575.126558167689,37486.88524685599,22454.86021230198,19495.951890770262,66833.76713170251,15862.888582971302,25760.96357766665,2868426.2800000003,9441,3182,6543,8189,9840,4969,7743,5567,3261,3344,2243,2364.0,2298.0,2385.0,2394.0,939.0,909.0,336.0,3508.0,2332.0,1417.0
2024-12-09,2024-12-01,1,115.1,2.6,200.6,84,14168,208233.5155063833,16598.623167815225,35090.80226710609,24785.795511782224,21861.405736813424,69382.05060629014,16500.306040080563,24511.007217239156,2864735.96,9625,3316,6831,8404,10397,5089,7992,5727,3481,3440,2299,2483.0,2377.0,2340.0,2425.0,925.0,989.0,357.0,3688.0,2290.0,1376.0
2024-12-16,2024-12-01,1,115.1,2.6,200.6,84,14168,219601.60478008096,15749.556268366738,37150.27298565717,23135.656486505337,19583.924040999438,67786.58981661106,16020.55884152123,24850.859442098434,2811692.08,9534,3354,6503,8161,9860,4895,7846,5494,3428,3376,2173,2355.0,2356.0,2371.0,2452.0,958.0,930.0,322.0,3680.0,2301.0,1343.0
2024-12-23,2024-12-01,1,115.1,2.6,200.6,84,14168,214242.06805253885,15744.597291732967,36233.583464784846,23602.93006340431,20238.006714310894,68301.14364980954,16451.318461673414,23697.12680566525,2904105.17,9681,3392,6577,8504,10161,5192,8051,5644,3453,3430,2366,2429.0,2403.0,2421.0,2428.0,941.0,938.0,362.0,3732.0,2328.0,1380.0
2024-12-30,2024-12-01,1,115.1,2.6,200.6,24,4048,59142.99272168965,4271.946732102499,9091.14332169186,6496.354279643094,5802.928524966666,18341.581690373627,4616.907162873543,7258.785358304577,618710.46,2433,826,1705,2083,2492,1171,2023,1331,855,823,577,630.0,583.0,617.0,603.0,258.0,230.0,90.0,934.0,568.0,353.0
